year,country,disr_rt_pt_a_pt
1995,ago,160.0
1996,ago,2.0
1997,ago,48.0
1998,ago,58.0
1999,ago,120.0
2000,ago,150.0
2001,ago,150.0
2002,ago,150.0
2003,ago,150.0
2004,ago,95.0
2005,ago,95.0
2006,ago,19.75
2007,ago,19.75
2008,ago,19.57
2009,ago,30.0
2010,ago,25.0
2011,ago,20.0
2012,ago,20.0
2013,ago,10.25
2014,ago,9.75
2015,ago,12.5
2016,ago,20.0
2017,ago,20.0
2018,ago,20.0
2019,ago,20.0
2020,ago,20.0
2021,ago,20.0
2022,ago,19.5
2023,ago,18.0
2024,ago,19.5
2025,ago,19.5
1994,aia,9.0
1995,aia,9.0
1996,aia,9.0
1997,aia,8.0
1998,aia,8.0
1999,aia,8.0
2000,aia,8.0
2001,aia,7.0
2002,aia,7.0
2003,aia,6.5
2004,aia,6.5
2005,aia,6.5
2006,aia,6.5
2007,aia,6.5
2008,aia,6.5
2009,aia,6.5
2010,aia,6.5
2011,aia,6.5
2012,aia,6.5
2013,aia,6.5
2014,aia,6.5
2015,aia,6.5
2016,aia,6.5
2017,aia,6.5
2018,aia,6.5
2019,aia,6.5
2020,aia,2.0
2021,aia,2.0
2022,aia,2.0
2023,aia,2.0
2024,aia,3.0
2025,aia,3.0
1994,atg,9.0
1995,atg,9.0
1996,atg,9.0
1997,atg,8.0
1998,atg,8.0
1999,atg,8.0
2000,atg,8.0
2001,atg,7.0
2002,atg,7.0
2003,atg,6.5
2004,atg,6.5
2005,atg,6.5
2006,atg,6.5
2007,atg,6.5
2008,atg,6.5
2009,atg,6.5
2010,atg,6.5
2011,atg,6.5
2012,atg,6.5
2013,atg,6.5
2014,atg,6.5
2015,atg,6.5
2016,atg,6.5
2017,atg,6.5
2018,atg,6.5
2019,atg,6.5
2020,atg,2.0
2021,atg,2.0
2022,atg,2.0
2023,atg,2.0
2024,atg,3.0
2025,atg,3.0
1977,bdi,5.5
1978,bdi,5.5
1979,bdi,7.0
1980,bdi,7.0
1981,bdi,7.0
1982,bdi,7.0
1983,bdi,7.0
1984,bdi,7.0
1985,bdi,7.0
1986,bdi,5.0
1987,bdi,7.0
1988,bdi,7.0
1989,bdi,7.0
1990,bdi,8.5
1991,bdi,10.0
1992,bdi,11.0
1993,bdi,10.0
1994,bdi,10.0
1995,bdi,10.0
1996,bdi,10.0
1997,bdi,12.0
1998,bdi,12.0
1999,bdi,12.0
2000,bdi,14.0
2001,bdi,14.0
2002,bdi,15.5
2003,bdi,14.5
2004,bdi,14.5
2005,bdi,14.5
2006,bdi,11.07
2007,bdi,10.12
2008,bdi,10.08
2009,bdi,10.0
2010,bdi,11.25
2011,bdi,14.34
2012,bdi,13.77
2013,bdi,12.5
2014,bdi,8.0
2015,bdi,9.82
2016,bdi,7.17
1957,bol,19.0
1958,bol,19.0
1959,bol,19.0
1960,bol,19.0
1961,bol,19.0
1962,bol,19.0
1963,bol,15.0
1964,bol,16.0
1965,bol,16.0
1966,bol,16.0
1967,bol,16.0
1968,bol,16.0
1969,bol,16.0
1970,bol,12.0
1971,bol,13.0
1972,bol,11.0
1973,bol,11.0
1974,bol,13.0
1975,bol,13.0
1976,bol,13.0
1977,bol,13.0
1978,bol,13.0
1979,bol,18.0
1980,bol,19.9
1981,bol,26.0
1982,bol,37.0
1983,bol,61.0
1984,bol,149.0
1997,bol,13.25
1998,bol,14.1
1999,bol,12.5
2000,bol,10.0
2001,bol,8.5
2002,bol,12.5
2003,bol,7.5
2004,bol,6.0
2005,bol,5.25
2006,bol,5.25
2007,bol,6.5
2008,bol,13.0
2009,bol,3.0
2010,bol,3.0
2011,bol,4.0
2012,bol,4.0
2013,bol,4.5
2014,bol,3.3
2015,bol,2.5
2016,bol,2.5
2017,bol,2.5
2018,bol,2.5
2019,bol,3.0
2020,bol,2.0
2021,bol,6.0
2022,bol,6.0
2023,bol,5.5
2024,bol,5.5
2025,bol,9.75
1997,bra,45.09
1998,bra,39.41
1999,bra,21.37
2000,bra,18.5155840837603
2001,bra,21.43
2002,bra,30.4163211566037
2003,bra,23.9240340627465
2004,bra,24.5506362833532
2005,bra,25.3361020811715
2006,bra,19.9771598876173
2007,bra,17.8508
2008,bra,20.4795999576088
2009,bra,15.1685181606518
2010,bra,17.2996
2011,bra,17.5544817974473
2012,bra,13.5869345321627
2013,bra,16.4934952162255
2014,bra,18.2748
2015,bra,20.9989999999987
2016,bra,20.4690000000005
2017,bra,13.4198022385499
2018,bra,12.7840000000011
2019,bra,10.8654
2020,bra,8.01399999999999
2021,bra,15.2856
2022,bra,20.469
2023,bra,18.5822
2024,bra,18.4762
2025,bra,21.794
1977,brb,6.0
1978,brb,6.0
1979,brb,6.0
1980,brb,7.0
1981,brb,22.0
1982,brb,20.0
1983,brb,16.0
1984,brb,16.0
1985,brb,13.0
1986,brb,8.0
1987,brb,8.0
1988,brb,8.0
1989,brb,13.5
1990,brb,13.5
1991,brb,18.0
1992,brb,12.0
1993,brb,8.0
1994,brb,9.5
1995,brb,12.5
1996,brb,12.5
1997,brb,9.0
1998,brb,9.0
1999,brb,10.0
2000,brb,10.0
2001,brb,7.5
2002,brb,7.5
2003,brb,7.5
2004,brb,7.5
2005,brb,10.0
2006,brb,12.0
2007,brb,12.0
2008,brb,10.0
2009,brb,7.0
2010,brb,7.0
2011,brb,7.0
2012,brb,7.0
2013,brb,7.0
2014,brb,7.0
2015,brb,7.0
2016,brb,7.0
2017,brb,7.0
2018,brb,7.0
2019,brb,7.0
2020,brb,2.0
2021,brb,2.0
2022,brb,2.0
1977,bwa,7.75
1978,bwa,6.75
1979,bwa,5.75
1980,bwa,5.75
1981,bwa,8.5
1982,bwa,12.0
1983,bwa,10.5
1984,bwa,9.0
1985,bwa,9.0
1986,bwa,9.0
1987,bwa,8.5
1988,bwa,6.5
1989,bwa,6.5
1990,bwa,8.5
1991,bwa,12.0
1992,bwa,14.25
1993,bwa,14.25
1994,bwa,13.5
1995,bwa,13.0
1996,bwa,13.0
1997,bwa,12.0
1998,bwa,12.75
1999,bwa,13.75
2000,bwa,14.25
2001,bwa,14.25
2002,bwa,15.25
2003,bwa,14.25
2004,bwa,14.25
2005,bwa,14.5
2006,bwa,15.0
2007,bwa,14.5
2008,bwa,15.0
2009,bwa,10.0
2010,bwa,9.5
2011,bwa,9.5
2012,bwa,9.5
2013,bwa,7.5
2014,bwa,7.5
2015,bwa,6.0
2016,bwa,5.5
2017,bwa,5.0
2018,bwa,5.0
2019,bwa,4.75
2020,bwa,3.75
2021,bwa,3.75
2022,bwa,2.65
2023,bwa,2.4
2024,bwa,1.9
1969,caf,4.5
1970,caf,4.5
1971,caf,4.5
1972,caf,4.5
1973,caf,4.5
1974,caf,5.5
1975,caf,5.5
1976,caf,6.5
1977,caf,6.5
1978,caf,6.5
1979,caf,8.5
1980,caf,8.5
1981,caf,8.5
1982,caf,8.5
1983,caf,8.5
1984,caf,8.5
1985,caf,9.0
1986,caf,8.0
1987,caf,8.0
1988,caf,9.5
1989,caf,10.0
1990,caf,11.0
1991,caf,10.75
1992,caf,12.0
1993,caf,11.5
1994,caf,7.75
1995,caf,8.6
1996,caf,7.75
1997,caf,7.5
1998,caf,7.0
1999,caf,7.6
2000,caf,7.0
2001,caf,6.5
2002,caf,6.3
2003,caf,6.0
2004,caf,6.0
2005,caf,5.5
2006,caf,5.25
2007,caf,5.25
2008,caf,4.75
2009,caf,4.25
2010,caf,4.0
2011,caf,4.0
2012,caf,4.0
2013,caf,3.25
2014,caf,2.95
2015,caf,2.45
2016,caf,2.45
1994,chl,13.8933477132203
1995,chl,7.95618707200734
1996,chl,11.7489057098582
1997,chl,7.95618707200734
1998,chl,9.12041460123694
1999,chl,7.44241677219248
2000,chl,8.73106619155055
2001,chl,6.5
2002,chl,3.0
2003,chl,2.45
2004,chl,2.25
2005,chl,4.5
2006,chl,5.25
2007,chl,6.0
2008,chl,8.25
2009,chl,0.5
2010,chl,3.12
2011,chl,5.25
2012,chl,5.0
2013,chl,4.5
2014,chl,3.0
2015,chl,3.35
1995,cmr,8.6
1996,cmr,7.75
1997,cmr,7.5
1998,cmr,7.0
1999,cmr,7.3
2000,cmr,7.0
2001,cmr,6.5
2002,cmr,6.3
2003,cmr,6.0
2004,cmr,6.0
2005,cmr,5.5
2006,cmr,5.25
2007,cmr,5.25
2008,cmr,4.75
2009,cmr,4.25
2010,cmr,4.0
2011,cmr,4.0
2012,cmr,4.0
2013,cmr,3.25
2014,cmr,2.95
2015,cmr,2.45
2016,cmr,2.45
2017,cmr,2.95
2018,cmr,3.5
2019,cmr,3.5
2020,cmr,3.25
2006,cod,50.0
2007,cod,27.5
2008,cod,42.5
2009,cod,72.5
2010,cod,24.5
2011,cod,22.5
2012,cod,5.25
2013,cod,3.0
2014,cod,3.0
2015,cod,3.0
2016,cod,10.5
2017,cod,21.0
2018,cod,15.0
2019,cod,15.0
1969,cog,4.5
1970,cog,4.5
1971,cog,4.5
1972,cog,4.5
1973,cog,4.5
1974,cog,5.5
1975,cog,5.5
1976,cog,6.5
1977,cog,6.5
1978,cog,6.5
1979,cog,8.5
1980,cog,8.5
1981,cog,8.5
1982,cog,8.5
1983,cog,8.5
1984,cog,8.5
1985,cog,9.0
1986,cog,8.0
1987,cog,8.0
1988,cog,9.5
1989,cog,10.0
1990,cog,11.0
1991,cog,10.75
1992,cog,12.0
1993,cog,11.5
1994,cog,7.75
1995,cog,8.6
1996,cog,7.75
1997,cog,7.5
1998,cog,7.0
1999,cog,7.6
2000,cog,7.0
2001,cog,6.5
2002,cog,6.3
2003,cog,6.0
2004,cog,6.0
2005,cog,5.5
2006,cog,5.25
2007,cog,5.25
2008,cog,4.75
2009,cog,4.25
2010,cog,4.0
2011,cog,4.0
2012,cog,4.0
2013,cog,3.25
2014,cog,2.95
2015,cog,2.45
2016,cog,2.45
1964,col,8.0
1965,col,8.0
1966,col,8.0
1967,col,8.0
1968,col,8.0
1969,col,8.0
1970,col,14.0
1971,col,14.0
1972,col,14.0
1973,col,14.0
1974,col,16.0
1975,col,16.0
1976,col,20.0
1977,col,20.0
1978,col,22.0
1979,col,30.0
1980,col,30.0
1981,col,30.0
1982,col,27.0
1983,col,27.0
1984,col,27.0
1985,col,27.0
1986,col,33.83
1987,col,34.82
1988,col,34.25
1989,col,36.94
1990,col,46.45
1991,col,44.98
1992,col,34.42
1993,col,33.49
1994,col,44.9
1995,col,40.42
1996,col,35.05
1997,col,31.32
1998,col,42.28
1999,col,23.05
2000,col,18.28
2001,col,13.25
2002,col,10.0
2003,col,12.0
2004,col,11.25
2005,col,10.75
2006,col,9.5
2007,col,11.5
2008,col,11.5
2009,col,5.5
2010,col,5.0
2011,col,6.75
2012,col,6.5
2013,col,5.25
2014,col,6.5
2015,col,7.75
2016,col,9.5
2017,col,6.75
2018,col,6.25
2019,col,6.25
2020,col,3.75
2021,col,5.0
2022,col,14.0
2023,col,15.0
2024,col,11.5
2025,col,11.25
1999,com,5.9
2000,com,6.3994
2001,com,4.8752
2002,com,4.5971
2003,com,3.5558
2004,com,3.5442
2005,com,3.7632
2006,com,5.0155
2007,com,5.3632
2008,com,3.9511
2009,com,1.8476
2010,com,1.9902
2011,com,2.1168
2012,com,1.5723
2013,com,1.6694
2014,com,1.461
2015,com,1.29625806451613
2016,com,1.14987096774194
2017,com,1.15893548387097
2018,com,1.14112903225806
2019,com,1.04351612903226
2020,com,0.942652173913043
2021,com,0.922782608695652
2022,com,3.08377272727273
2001,cpv,11.5
2002,cpv,10.0
2003,cpv,8.5
2004,cpv,8.5
2005,cpv,8.5
2006,cpv,8.5
2007,cpv,8.5
2008,cpv,7.5
2009,cpv,7.5
2010,cpv,7.5
2011,cpv,7.25
2012,cpv,8.75
2013,cpv,8.75
2014,cpv,6.75
2015,cpv,6.5
2016,cpv,6.5
2017,cpv,4.5
2018,cpv,4.5
2019,cpv,3.0
2020,cpv,0.5
2021,cpv,0.5
2022,cpv,0.5
2023,cpv,1.5
2024,cpv,2.0
2025,cpv,2.75
1994,dma,9.0
1995,dma,9.0
1996,dma,9.0
1997,dma,8.0
1998,dma,8.0
1999,dma,8.0
2000,dma,8.0
2001,dma,7.0
2002,dma,7.0
2003,dma,6.5
2004,dma,6.5
2005,dma,6.5
2006,dma,6.5
2007,dma,6.5
2008,dma,6.5
2009,dma,6.5
2010,dma,6.5
2011,dma,6.5
2012,dma,6.5
2013,dma,6.5
2014,dma,6.5
2015,dma,6.5
2016,dma,6.5
2017,dma,6.5
2018,dma,6.5
2019,dma,6.5
2020,dma,2.0
2021,dma,2.0
2022,dma,2.0
2023,dma,2.0
2024,dma,3.0
2025,dma,3.0
1995,dza,14.0
1996,dza,13.0
1997,dza,11.0
1998,dza,9.5
1999,dza,8.5
2000,dza,6.0
2001,dza,6.0
2002,dza,5.5
2003,dza,4.5
2004,dza,4.0
2005,dza,4.0
2006,dza,4.0
2007,dza,4.0
2008,dza,4.0
2009,dza,4.0
2010,dza,4.0
2011,dza,4.0
2012,dza,4.0
2013,dza,4.0
2014,dza,4.0
2015,dza,4.0
2016,dza,3.5
2017,dza,3.75
2018,dza,3.75
2019,dza,3.75
2020,dza,3.75
2021,dza,3.75
2022,dza,3.75
2023,dza,3.75
2024,dza,3.75
2025,dza,3.75
2008,ecu,9.14
2009,ecu,9.19
2010,ecu,8.68
2011,ecu,8.17
2012,ecu,8.17
2013,ecu,8.17
2014,ecu,8.19
2015,ecu,9.12
2016,ecu,8.1
2017,ecu,7.83
2018,ecu,8.69
2019,ecu,8.78
2020,ecu,8.5
2021,ecu,7.44
2022,ecu,8.48
2023,ecu,9.94
2024,ecu,10.43
1964,egy,5.0
1965,egy,5.0
1966,egy,5.0
1967,egy,5.0
1968,egy,5.0
1969,egy,5.0
1970,egy,5.0
1971,egy,5.0
1972,egy,5.0
1973,egy,5.0
1974,egy,5.0
1975,egy,5.0
1976,egy,6.0
1977,egy,7.0
1978,egy,8.0
1979,egy,9.0
1980,egy,11.0
1981,egy,12.0
1982,egy,13.0
1983,egy,13.0
1984,egy,13.0
1985,egy,13.0
1986,egy,13.0
1987,egy,13.0
1988,egy,13.0
1989,egy,14.0
1990,egy,14.0
1991,egy,20.0
1992,egy,18.4
1993,egy,16.5
1994,egy,14.0
1995,egy,13.5
1996,egy,13.0
1997,egy,12.25
1998,egy,12.0
1999,egy,12.0
2000,egy,12.0
2001,egy,11.0
2002,egy,10.0
2003,egy,10.0
2004,egy,10.0
2005,egy,10.0
2006,egy,9.0
2007,egy,9.0
2008,egy,11.5
2009,egy,8.5
2010,egy,8.5
2011,egy,9.5
2012,egy,9.5
2013,egy,8.75
2014,egy,9.75
2015,egy,9.75
2016,egy,15.25
2017,egy,19.25
2018,egy,17.25
2019,egy,12.75
2020,egy,8.75
2021,egy,8.75
2022,egy,16.75
2023,egy,19.75
2024,egy,27.75
1991,fji,8.0
1992,fji,6.0
1993,fji,6.0
1994,fji,6.0
1995,fji,6.0
1996,fji,6.0
1997,fji,1.88
1998,fji,2.5
1999,fji,2.5
2000,fji,8.0
2001,fji,1.75
2002,fji,1.75
2003,fji,1.75
2004,fji,2.25
2005,fji,2.75
2006,fji,5.25
2007,fji,9.25
2008,fji,6.32
2009,fji,3.5
2010,fji,3.0
2011,fji,1.0
2012,fji,1.0
2013,fji,1.0
2014,fji,1.0
2015,fji,1.0
2016,fji,1.0
2017,fji,1.0
2018,fji,1.0
2019,fji,1.0
2020,fji,0.5
2021,fji,0.5
2022,fji,0.5
2023,fji,0.5
2024,fji,0.5
1999,g163,4.0
2000,g163,5.75
2001,g163,4.25
2002,g163,3.75
2003,g163,3.0
2004,g163,3.0
2005,g163,3.25
2006,g163,4.5
2007,g163,5.0
2008,g163,3.0
2009,g163,1.75
2010,g163,1.75
2011,g163,1.75
2012,g163,1.5
2013,g163,0.75
2014,g163,0.3
2015,g163,0.3
2016,g163,0.25
1994,g309,9.0
1995,g309,9.0
1996,g309,9.0
1997,g309,8.0
1998,g309,8.0
1999,g309,8.0
2000,g309,8.0
2001,g309,7.0
2002,g309,7.0
2003,g309,6.5
2004,g309,6.5
2005,g309,6.5
2006,g309,6.5
2007,g309,6.5
2008,g309,6.5
2009,g309,6.5
2010,g309,6.5
2011,g309,6.5
2012,g309,6.5
2013,g309,6.5
2014,g309,6.5
2015,g309,6.5
2016,g309,6.5
2017,g309,6.5
2018,g309,6.5
2019,g309,6.5
2020,g309,2.0
2021,g309,2.0
2022,g309,2.0
2023,g309,2.0
2024,g309,3.0
2025,g309,3.0
1994,gab,7.75
1995,gab,8.6
1996,gab,7.75
1997,gab,7.5
1998,gab,7.0
1999,gab,7.6
2000,gab,7.0
2001,gab,6.5
2002,gab,6.3
2003,gab,6.0
2004,gab,6.0
2005,gab,5.5
2006,gab,5.25
2007,gab,5.25
2008,gab,4.75
2009,gab,4.25
2010,gab,4.0
2011,gab,4.0
2012,gab,4.0
2013,gab,3.25
2014,gab,2.95
2015,gab,2.45
2016,gab,2.45
2017,gab,2.95
1977,gmb,6.0
1978,gmb,6.0
1979,gmb,6.0
1980,gmb,8.0
1981,gmb,9.5
1982,gmb,9.5
1983,gmb,9.5
1984,gmb,9.5
1985,gmb,15.0
1986,gmb,20.0
1987,gmb,21.0
1988,gmb,19.0
1989,gmb,15.0
1990,gmb,16.5
1991,gmb,15.5
1992,gmb,17.5
1993,gmb,13.5
1994,gmb,13.5
1995,gmb,14.0
1996,gmb,14.0
1997,gmb,14.0
1998,gmb,12.0
1999,gmb,10.5
2000,gmb,10.0
2001,gmb,13.0
2002,gmb,18.0
2003,gmb,29.0
2013,gmb,18.54
2014,gmb,19.08
1995,gnq,8.6
1996,gnq,7.75
1997,gnq,7.5
1998,gnq,7.0
1999,gnq,7.6
2000,gnq,7.0
2001,gnq,6.5
2002,gnq,6.3
2003,gnq,6.0
2004,gnq,6.0
2005,gnq,5.5
2006,gnq,5.25
2007,gnq,5.25
2008,gnq,4.75
2009,gnq,4.25
2010,gnq,4.0
2011,gnq,4.0
2012,gnq,4.0
2013,gnq,3.25
2014,gnq,2.95
2015,gnq,2.45
2016,gnq,2.45
2017,gnq,2.95
2018,gnq,3.5
2019,gnq,3.5
2020,gnq,3.25
1994,grd,9.0
1995,grd,9.0
1996,grd,9.0
1997,grd,8.0
1998,grd,8.0
1999,grd,8.0
2000,grd,8.0
2001,grd,7.0
2002,grd,7.0
2003,grd,6.5
2004,grd,6.5
2005,grd,6.5
2006,grd,6.5
2007,grd,6.5
2008,grd,6.5
2009,grd,6.5
2010,grd,6.5
2011,grd,6.5
2012,grd,6.5
2013,grd,6.5
2014,grd,6.5
2015,grd,6.5
2016,grd,6.5
2017,grd,6.5
2018,grd,6.5
2019,grd,6.5
2020,grd,2.0
2021,grd,2.0
2022,grd,2.0
2023,grd,2.0
2024,grd,3.0
2025,grd,3.0
1992,hrv,1889.38975237189
1993,hrv,34.4888824246298
1994,hrv,8.5
1995,hrv,8.5
1996,hrv,6.5
1997,hrv,5.9
1998,hrv,5.9
1999,hrv,7.9
2000,hrv,5.9
2001,hrv,5.9
2002,hrv,4.5
2003,hrv,4.5
2004,hrv,4.5
2005,hrv,4.5
2006,hrv,4.5
2007,hrv,9.0
2008,hrv,9.0
2009,hrv,9.0
2010,hrv,9.0
2011,hrv,7.0
2012,hrv,7.0
2013,hrv,7.0
2014,hrv,7.0
1992,isl,16.0
1995,isl,5.6
1996,isl,6.0
1997,isl,6.8
1998,isl,8.5
1999,isl,10.0
2000,isl,12.4
2001,isl,12.0
2002,isl,8.2
2003,isl,7.7
2004,isl,10.25
2005,isl,12.0
2006,isl,15.25
2007,isl,15.25
2008,isl,22.0
2010,isl,5.5
2011,isl,5.75
2012,isl,7.0
2013,isl,7.0
2014,isl,6.25
2015,isl,7.5
2016,isl,6.75
2017,isl,6.0
2018,isl,6.25
2019,isl,4.75
2020,isl,2.5
2021,isl,3.75
2022,isl,7.75
2023,isl,11.0
2024,isl,10.25
2025,isl,9.0
1995,isr,15.2544841766357
1996,isr,16.4123458862305
1997,isr,14.3364629745483
1998,isr,14.4508295059204
1999,isr,11.8493642807007
2000,isr,8.54458332061768
2001,isr,5.82114696502686
2002,isr,9.52566242218018
2003,isr,5.33718490600586
2004,isr,3.97683143615723
2005,isr,4.60249471664429
2006,isr,5.12674951553345
2007,isr,4.08084917068481
2008,isr,2.53142476081848
2009,isr,1.00500273704529
2010,isr,2.0200777053833
2011,isr,2.7880551815033
2012,isr,2.02007746696472
2013,isr,1.00500285625458
2014,isr,0.250311881303787
2015,isr,0.100049912929535
2016,isr,0.10004987954475
2017,isr,0.1000498795
2018,isr,0.2503119023
2019,isr,0.2503119023
2020,isr,0.1000498795
2021,isr,0.1000498795
2022,isr,3.3032398519
2023,isr,4.8642960301
2024,isr,4.6024958499
1966,jor,5.5
1967,jor,5.25
1968,jor,5.25
1969,jor,5.25
1970,jor,5.25
1971,jor,5.25
1972,jor,5.0
1973,jor,5.0
1974,jor,5.0
1975,jor,5.0
1976,jor,5.5
1977,jor,5.5
1978,jor,5.5
1979,jor,6.0
1980,jor,6.0
1981,jor,6.5
1982,jor,6.5
1983,jor,6.25
1984,jor,6.25
1985,jor,6.25
1986,jor,6.25
1987,jor,6.25
1988,jor,6.25
1989,jor,8.0
1990,jor,8.5
1991,jor,8.5
1992,jor,8.5
1993,jor,8.5
1994,jor,8.5
1995,jor,8.5
1996,jor,8.5
1997,jor,7.75
1998,jor,9.0
1999,jor,8.0
2000,jor,6.5
2001,jor,5.0
2002,jor,4.5
2003,jor,2.5
2004,jor,3.75
2005,jor,6.5
2006,jor,7.5
2007,jor,7.0
2008,jor,6.25
2009,jor,4.75
2010,jor,4.25
2011,jor,4.5
2012,jor,5.0
2013,jor,4.5
2014,jor,4.25
2015,jor,3.75
2016,jor,3.75
2017,jor,5.0
2018,jor,5.75
2019,jor,5.0
2020,jor,3.5
2021,jor,3.5
2022,jor,7.5
2023,jor,8.5
2024,jor,7.5
2025,jor,6.75
1953,jpn,5.839999999
1954,jpn,5.839999999
1955,jpn,7.299999999
1956,jpn,7.299999999
1957,jpn,8.4
1958,jpn,7.299999999
1959,jpn,7.299999999
1960,jpn,6.939999999
1961,jpn,7.299999999
1962,jpn,6.569999999
1963,jpn,5.839999999
1964,jpn,6.569999999
1965,jpn,5.479999999
1966,jpn,5.479999999
1967,jpn,5.839999999
1968,jpn,5.839999999
1969,jpn,6.25
1970,jpn,6.0
1971,jpn,4.75
1972,jpn,4.25
1973,jpn,9.0
1974,jpn,9.0
1975,jpn,6.5
1976,jpn,6.5
1977,jpn,4.25
1978,jpn,3.5
1979,jpn,6.25
1980,jpn,7.25
1981,jpn,5.5
1982,jpn,5.5
1983,jpn,5.0
1984,jpn,5.0
1985,jpn,5.0
1986,jpn,3.0
1987,jpn,2.5
1988,jpn,2.5
1989,jpn,4.25
1990,jpn,6.0
1991,jpn,4.5
1992,jpn,3.25
1993,jpn,1.75
1994,jpn,1.75
1995,jpn,0.5
1996,jpn,0.5
1997,jpn,0.5
1998,jpn,0.5
1999,jpn,0.5
2000,jpn,0.5
2001,jpn,0.1
2002,jpn,0.1
2003,jpn,0.1
2004,jpn,0.1
2005,jpn,0.1
2006,jpn,0.4
2007,jpn,0.75
2008,jpn,0.3
2009,jpn,0.3
2010,jpn,0.3
2011,jpn,0.3
2012,jpn,0.3
2013,jpn,0.3
2014,jpn,0.3
2015,jpn,0.3
2016,jpn,0.3
1995,kgz,46.0
1996,kgz,45.9
1997,kgz,23.51
1998,kgz,50.0
2003,kgz,4.76
2004,kgz,4.8
2005,kgz,6.2
2006,kgz,4.73
2007,kgz,13.19
2008,kgz,18.264
2009,kgz,1.08
2010,kgz,6.6
2011,kgz,16.332
2012,kgz,3.19
2015,kgz,12.0
1994,kna,9.0
1995,kna,9.0
1996,kna,9.0
1997,kna,8.0
1998,kna,8.0
1999,kna,8.0
2000,kna,8.0
2001,kna,7.0
2002,kna,7.0
2003,kna,6.5
2004,kna,6.5
2005,kna,6.5
2006,kna,6.5
2007,kna,6.5
2008,kna,6.5
2009,kna,6.5
2010,kna,6.5
2011,kna,6.5
2012,kna,6.5
2013,kna,6.5
2014,kna,6.5
2015,kna,6.5
2016,kna,6.5
2017,kna,6.5
2018,kna,6.5
2019,kna,6.5
2020,kna,2.0
2021,kna,2.0
2022,kna,2.0
2023,kna,2.0
2024,kna,3.0
2025,kna,3.0
1964,kor,10.5
1965,kor,28.0
1966,kor,28.0
1967,kor,28.0
1968,kor,23.0
1969,kor,22.0
1970,kor,19.0
1971,kor,16.0
1972,kor,11.0
1973,kor,11.0
1974,kor,11.0
1975,kor,14.0
1976,kor,14.0
1977,kor,14.0
1978,kor,15.0
1979,kor,15.0
1980,kor,16.0
1981,kor,11.0
1982,kor,5.0
1983,kor,5.0
1984,kor,5.0
1985,kor,5.42
1986,kor,7.0
1987,kor,7.0
1988,kor,8.0
1989,kor,7.0
1990,kor,7.0
1991,kor,7.0
1992,kor,7.0
1993,kor,5.0
1994,kor,5.0
1995,kor,5.0
1996,kor,5.0
1997,kor,5.0
1998,kor,3.0
1999,kor,3.0
2000,kor,3.0
2001,kor,2.5
2002,kor,2.5
2003,kor,2.5
2004,kor,2.0
2005,kor,2.0
2006,kor,2.75
2007,kor,3.25
2008,kor,1.75
2009,kor,1.25
2010,kor,1.25
2011,kor,1.5
2012,kor,1.25
2013,kor,1.0
2014,kor,1.0
2015,kor,0.75
2016,kor,0.5
2017,kor,0.5
2018,kor,0.5
2019,kor,0.5
2020,kor,0.25
2021,kor,0.25
2022,kor,1.75
2023,kor,2.0
2024,kor,1.5
2025,kor,1.0
1975,kwt,5.5
1976,kwt,5.5
1977,kwt,5.5
1978,kwt,5.5
1979,kwt,6.0
1980,kwt,6.0
1981,kwt,6.0
1982,kwt,6.0
1983,kwt,6.0
1984,kwt,6.0
1985,kwt,6.0
1986,kwt,6.0
1987,kwt,6.0
1988,kwt,7.5
1989,kwt,7.5
1992,kwt,7.5
1993,kwt,5.75
1994,kwt,7.0
1995,kwt,7.25
1996,kwt,7.25
1997,kwt,7.5
1998,kwt,7.0
1999,kwt,6.75
2000,kwt,7.25
2001,kwt,4.25
2002,kwt,3.25
2003,kwt,3.25
2004,kwt,4.75
2005,kwt,6.0
2006,kwt,6.25
2007,kwt,6.25
2008,kwt,3.75
2009,kwt,3.0
2010,kwt,2.5
2011,kwt,2.5
2012,kwt,2.0
2013,kwt,2.0
2014,kwt,2.0
2015,kwt,2.25
2016,kwt,2.5
2017,kwt,2.75
2018,kwt,3.0
2019,kwt,2.75
2020,kwt,1.5
2021,kwt,1.5
2022,kwt,3.5
2023,kwt,4.25
2024,kwt,4.0
2025,kwt,3.5
1994,lca,9.0
1995,lca,9.0
1996,lca,9.0
1997,lca,8.0
1998,lca,8.0
1999,lca,8.0
2000,lca,8.0
2001,lca,7.0
2002,lca,7.0
2003,lca,6.5
2004,lca,6.5
2005,lca,6.5
2006,lca,6.5
2007,lca,6.5
2008,lca,6.5
2009,lca,6.5
2010,lca,6.5
2011,lca,6.5
2012,lca,6.5
2013,lca,6.5
2014,lca,6.5
2015,lca,6.5
2016,lca,6.5
2017,lca,6.5
2018,lca,6.5
2019,lca,6.5
2020,lca,2.0
2021,lca,2.0
2022,lca,2.0
2023,lca,2.0
2024,lca,3.0
2025,lca,3.0
2003,lka,15.0
2004,lka,15.0
2005,lka,15.0
2006,lka,15.0
2007,lka,15.0
2008,lka,15.0
2009,lka,15.0
2010,lka,15.0
2011,lka,15.0
2012,lka,15.0
2013,lka,15.0
2014,lka,15.0
2015,lka,15.0
2016,lka,15.0
2017,lka,15.0
2018,lka,15.0
2019,lka,15.0
1980,lso,8.0
1981,lso,12.0
1982,lso,12.0
1983,lso,12.0
1984,lso,15.0
1985,lso,12.0
1986,lso,9.5
1987,lso,9.0
1988,lso,15.5
1989,lso,17.0
1990,lso,15.75
1991,lso,18.0
1992,lso,15.0
1993,lso,13.5
1994,lso,13.5
1995,lso,15.5
1996,lso,17.0
1997,lso,15.6
1998,lso,19.5
1999,lso,19.0
2000,lso,15.0
2001,lso,13.0
2002,lso,16.19
2003,lso,15.0
2004,lso,13.0
2005,lso,13.0
2006,lso,10.76
2007,lso,12.82
2008,lso,14.05
2009,lso,10.66
2010,lso,9.52
2011,lso,9.28
2012,lso,9.37
2013,lso,9.184
2014,lso,10.25
2015,lso,10.49
2016,lso,10.58
2017,lso,10.27
2018,lso,10.687
2019,lso,10.26
2020,lso,7.2
2021,lso,8.06
2022,lso,10.36
2023,lso,11.12
2024,lso,10.88
1969,mar,3.5
1970,mar,3.5
1971,mar,3.5
1972,mar,3.5
1973,mar,3.5
1974,mar,4.5
1975,mar,4.5
1976,mar,4.5
1977,mar,4.5
1978,mar,4.5
1979,mar,4.5
1980,mar,6.0
1981,mar,6.0
1982,mar,7.0
1983,mar,7.0
1984,mar,7.0
1985,mar,8.5
1986,mar,8.5
1987,mar,8.5
1988,mar,8.5
1994,mar,7.0
1998,mar,6.0
1999,mar,5.0
2000,mar,5.0
2001,mar,4.25
2002,mar,3.25
2003,mar,3.25
2004,mar,3.25
2005,mar,3.25
2006,mar,3.25
2007,mar,3.25
2008,mar,3.5
2009,mar,3.25
2010,mar,3.25
2011,mar,3.25
2012,mar,3.0
2013,mar,3.0
2014,mar,2.6209
2015,mar,2.5
2016,mar,2.25
2017,mar,2.25
2018,mar,2.25
2019,mar,2.25
2020,mar,1.5
2021,mar,1.5
2022,mar,2.5
2023,mar,3.0
2024,mar,2.5
2025,mar,2.25
2002,mdv,19.0
2003,mdv,19.0
2004,mdv,18.0
2005,mdv,18.0
2006,mdv,12.0
2007,mdv,13.0
2008,mdv,13.0
2009,mdv,13.0
2010,mdv,16.0
2011,mdv,16.0
2012,mdv,16.0
2013,mdv,12.0
2014,mdv,10.0
2015,mdv,10.0
2016,mdv,10.0
2017,mdv,10.0
2018,mdv,10.0
2019,mdv,10.0
2020,mdv,10.0
2021,mdv,10.0
2022,mdv,10.0
2023,mdv,10.0
2024,mdv,10.0
2025,mdv,7.0
1994,mkd,33.0
1996,mkd,9.2
1997,mkd,8.9
1998,mkd,8.9
1999,mkd,8.9
2000,mkd,7.9
2001,mkd,10.7
2002,mkd,10.7
2003,mkd,6.5
2004,mkd,6.5
2011,mkd,4.0
2012,mkd,3.75
2013,mkd,3.5
2014,mkd,3.25
2015,mkd,3.25
2016,mkd,4.0
2017,mkd,3.25
2018,mkd,3.0
2019,mkd,2.25
2020,mkd,1.5
2021,mkd,1.25
2022,mkd,2.0
2023,mkd,6.0
2024,mkd,6.3
2025,mkd,5.35
1991,mmr,11.0
1992,mmr,11.0
1993,mmr,11.0
1994,mmr,11.0
1995,mmr,12.5
1996,mmr,15.0
1997,mmr,15.0
1998,mmr,15.0
1999,mmr,12.0
2000,mmr,10.0
2001,mmr,10.0
2002,mmr,10.0
2003,mmr,10.0
2004,mmr,10.0
2005,mmr,10.0
2006,mmr,12.0
2007,mmr,12.0
2008,mmr,12.0
2009,mmr,12.0
2010,mmr,12.0
2011,mmr,12.0
2012,mmr,10.0
2013,mmr,10.0
2014,mmr,10.0
2015,mmr,10.0
2016,mmr,10.0
2017,mmr,10.0
2018,mmr,10.0
2019,mmr,10.0
2020,mmr,7.0
1994,moz,69.7
1995,moz,57.75
1996,moz,32.0
1997,moz,12.95
1998,moz,9.95
1999,moz,9.95
2000,moz,9.95
2001,moz,9.95
2002,moz,9.95
2003,moz,9.95
2004,moz,9.95
2005,moz,9.95
2006,moz,9.95
2007,moz,9.95
2008,moz,9.95
2009,moz,9.95
2010,moz,9.95
2011,moz,9.95
2012,moz,9.95
2013,moz,9.95
2014,moz,9.95
2015,moz,9.95
2016,moz,9.95
1964,mrt,3.5
1965,mrt,3.5
1966,mrt,3.5
1967,mrt,3.5
1968,mrt,3.5
1969,mrt,3.5
1970,mrt,3.5
1971,mrt,3.5
1972,mrt,3.5
1973,mrt,5.5
1974,mrt,5.5
1975,mrt,5.0
1976,mrt,5.0
1977,mrt,5.0
1978,mrt,5.0
1979,mrt,5.0
1980,mrt,6.0
1981,mrt,6.0
1982,mrt,6.0
1983,mrt,6.0
1984,mrt,6.0
1985,mrt,6.5
1986,mrt,6.5
1987,mrt,6.5
1988,mrt,6.5
1989,mrt,7.0
1990,mrt,7.0
1991,mrt,7.0
1992,mrt,10.0
1993,mrt,11.0
1994,mrt,11.0
1995,mrt,11.0
1996,mrt,11.0
1997,mrt,11.0
1998,mrt,18.0
1999,mrt,18.0
2000,mrt,13.0
2001,mrt,11.0
2002,mrt,11.0
2003,mrt,11.0
2004,mrt,11.0
2005,mrt,14.0
2006,mrt,14.0
2007,mrt,12.0
2008,mrt,12.0
2009,mrt,9.0
2010,mrt,9.0
2011,mrt,9.0
2012,mrt,9.0
2013,mrt,9.0
2014,mrt,9.0
2015,mrt,9.0
2016,mrt,9.0
2017,mrt,9.0
1994,msr,9.0
1995,msr,9.0
1996,msr,9.0
1997,msr,8.0
1998,msr,8.0
1999,msr,8.0
2000,msr,8.0
2001,msr,7.0
2002,msr,7.0
2003,msr,6.5
2004,msr,6.5
2005,msr,6.5
2006,msr,6.5
2007,msr,6.5
2008,msr,6.5
2009,msr,6.5
2010,msr,6.5
2011,msr,6.5
2012,msr,6.5
2013,msr,6.5
2014,msr,6.5
2015,msr,6.5
2016,msr,6.5
2017,msr,6.5
2018,msr,6.5
2019,msr,6.5
2020,msr,2.0
2021,msr,2.0
2022,msr,2.0
2023,msr,2.0
2024,msr,3.0
2025,msr,3.0
2015,mwi,27.0
2016,mwi,24.0
2017,mwi,16.0
2018,mwi,16.0
2019,mwi,13.5
2020,mwi,12.0
2021,mwi,12.0
2022,mwi,18.0
2023,mwi,24.0
2024,mwi,26.0
1964,nga,5.0
1965,nga,5.0
1966,nga,5.0
1967,nga,5.0
1968,nga,4.5
1969,nga,4.5
1970,nga,4.5
1971,nga,4.5
1972,nga,4.5
1973,nga,4.5
1974,nga,4.5
1975,nga,3.5
1976,nga,3.5
1977,nga,4.0
1978,nga,5.0
1979,nga,5.0
1980,nga,6.0
1981,nga,6.0
1982,nga,8.0
1983,nga,8.0
1984,nga,10.0
1985,nga,10.0
1986,nga,10.0
1987,nga,12.75
1989,nga,18.5
1990,nga,18.5
1991,nga,15.5
1992,nga,17.5
1993,nga,26.0
1994,nga,13.5
1995,nga,13.5
1996,nga,13.5
1997,nga,13.5
1998,nga,13.5
1999,nga,18.0
2000,nga,14.0
2001,nga,20.5
2002,nga,16.5
2003,nga,15.0
2004,nga,15.0
2005,nga,13.0
2006,nga,10.0
1990,nic,10.0
1991,nic,15.0
1992,nic,15.0
1993,nic,11.75
1994,nic,10.5
1977,npl,12.0
1978,npl,12.0
1979,npl,12.0
1980,npl,12.0
1981,npl,12.0
1982,npl,13.0
1983,npl,13.0
1984,npl,13.0
1985,npl,13.0
1986,npl,11.0
1987,npl,11.0
1988,npl,11.0
1989,npl,11.0
1990,npl,11.0
2001,npl,4.0
2002,npl,2.0
2003,npl,2.0
2004,npl,1.5
2005,npl,1.5
2006,npl,1.5
2007,npl,1.5
2008,npl,1.5
2009,npl,1.5
2010,npl,1.5
2011,npl,1.5
2012,npl,1.5
2013,npl,1.0
2014,npl,1.0
2015,npl,1.0
2016,npl,1.0
2017,npl,1.0
2018,npl,1.0
2019,npl,1.0
2020,npl,1.0
2021,npl,1.0
2022,npl,5.5
2023,npl,3.0
2024,npl,3.0
2025,npl,2.75
1980,omn,10.0
1981,omn,10.0
1982,omn,9.5
1983,omn,9.5
1984,omn,9.5
1985,omn,9.5
1986,omn,8.5
1987,omn,8.5
1988,omn,8.5
1989,omn,7.3
1990,omn,7.3
1991,omn,7.3
1992,omn,7.3
1993,omn,7.3
1994,omn,7.3
1995,omn,7.3
1996,omn,7.3
1997,omn,7.3
1998,omn,7.3
1999,omn,7.3
2000,omn,7.3
2001,omn,7.5
2002,omn,7.5
2016,omn,2.011
2017,omn,2.814
1964,pak,4.0
1965,pak,5.0
1966,pak,5.0
1967,pak,5.0
1968,pak,5.0
1969,pak,5.0
1970,pak,5.0
1971,pak,5.0
1972,pak,6.0
1973,pak,8.0
1974,pak,9.0
1975,pak,9.0
1976,pak,9.0
1977,pak,10.0
1978,pak,10.0
1979,pak,10.0
1980,pak,10.0
1981,pak,10.0
1982,pak,10.0
1983,pak,10.0
1984,pak,10.0
1985,pak,10.0
1986,pak,10.0
1987,pak,10.0
1988,pak,10.0
1989,pak,10.0
1990,pak,10.0
1991,pak,10.0
1992,pak,10.0
1993,pak,10.0
1994,pak,15.0
1995,pak,17.0
1996,pak,20.0
1997,pak,18.0
1998,pak,16.5
1999,pak,13.0
2000,pak,13.0
2001,pak,10.0
2002,pak,7.5
2003,pak,7.5
2004,pak,7.5
2005,pak,9.0
2006,pak,9.5
2007,pak,10.0
2008,pak,15.0
2009,pak,12.5
2010,pak,14.0
2011,pak,12.0
2012,pak,9.5
2013,pak,10.0
2014,pak,9.5
2015,pak,6.5
2016,pak,6.25
2017,pak,6.25
2018,pak,10.5
2019,pak,13.75
2020,pak,8.0
2021,pak,10.75
1957,per,6.0
1958,per,6.0
1959,per,9.5
1960,per,9.5
1961,per,9.5
1962,per,9.5
1963,per,9.5
1964,per,9.5
1965,per,9.5
1966,per,9.5
1967,per,9.5
1968,per,9.5
1969,per,9.5
1970,per,9.5
1971,per,9.5
1972,per,9.5
1973,per,9.5
1974,per,9.5
1975,per,9.5
1976,per,12.5
1977,per,14.5
1978,per,28.5
1979,per,29.5
1980,per,29.5
1981,per,44.5
1982,per,44.5
1983,per,60.0
1984,per,60.0
1985,per,42.5760886846176
1986,per,36.0718625073733
1987,per,29.8406705162535
1988,per,748.037121841092
1989,per,865.613238810747
1990,per,289.597599254697
1991,per,67.65093659631
1992,per,48.4997667692858
1993,per,28.6262693364389
1994,per,16.0754517722998
1995,per,18.4358754343603
1996,per,18.1559128918119
1997,per,15.9379555717734
1998,per,18.716445930056
1999,per,17.7999994411911
2000,per,14.0
2001,per,5.0
2002,per,4.5
2003,per,3.25
2004,per,3.75
2005,per,4.0
2006,per,5.25
2007,per,5.75
2008,per,7.25
2009,per,2.05
2010,per,3.8
2011,per,5.05
2012,per,5.05
2013,per,4.8
2014,per,4.3
2015,per,4.3
2016,per,4.8
2017,per,3.8
2018,per,3.3
2019,per,2.8
2020,per,0.5
2021,per,3.0
2022,per,8.0
2002,phl,4.193
2003,phl,5.532
2004,phl,8.357
2005,phl,5.699
2006,phl,5.04
2007,phl,4.281
2008,phl,6.001
2009,phl,3.5
2010,phl,4.0
2011,phl,4.5
2012,phl,3.5
2013,phl,3.5526
2014,phl,4.0537
2015,phl,4.125
2004,png,10.0
2005,png,9.0
2006,png,7.5
2007,png,7.0
2008,png,7.0
2009,png,6.0
2010,png,6.0
2011,png,6.75
2012,png,5.75
2013,png,5.25
2014,png,5.25
2015,png,5.25
2016,png,5.25
2017,png,5.25
2018,png,5.25
2019,png,5.0
2020,png,2.0
2021,png,2.0
2022,png,2.25
2023,png,1.5
2024,png,2.5
1991,pry,19.75
1992,pry,24.0
1993,pry,27.17
1994,pry,19.15
1995,pry,20.5
1996,pry,15.0
1997,pry,20.0
1998,pry,20.0
1999,pry,20.0
2000,pry,20.0
2001,pry,20.0
2002,pry,20.0
2003,pry,20.0
2004,pry,20.0
2005,pry,20.0
2006,pry,20.0
2007,pry,20.0
2008,pry,20.0
2009,pry,20.0
2010,pry,20.0
2011,pry,20.0
2012,pry,20.0
2013,pry,20.0
2014,pry,20.0
2015,pry,20.0
2016,pry,20.0
2017,pry,20.0
2018,pry,20.0
2019,pry,20.0
2020,pry,20.0
2005,rwa,12.5
2006,rwa,12.5
2007,rwa,12.5
2008,rwa,11.25
2009,rwa,11.5
2010,rwa,10.0
2011,rwa,11.0
2012,rwa,11.5
2013,rwa,11.0
2014,rwa,10.5
2015,rwa,10.5
2016,rwa,10.25
2017,rwa,9.5
2018,rwa,9.5
2019,rwa,9.0
2020,rwa,6.5
2021,rwa,6.5
2022,rwa,8.5
2023,rwa,9.5
2024,rwa,8.5
1977,swz,9.0
1978,swz,8.5
1979,swz,7.0
1980,swz,7.0
1981,swz,10.5
1982,swz,16.0
1983,swz,13.5
1984,swz,19.0
1985,swz,12.5
1986,swz,9.5
1987,swz,9.0
1988,swz,11.0
1989,swz,12.0
1990,swz,12.0
1991,swz,13.0
1992,swz,12.0
1993,swz,11.0
1994,swz,12.0
1995,swz,15.0
1996,swz,16.75
1997,swz,15.75
1998,swz,18.0
1999,swz,12.0
2000,swz,11.0
2001,swz,9.5
2002,swz,13.5
2003,swz,8.0
2004,swz,7.5
2005,swz,7.0
2006,swz,9.0
2007,swz,11.0
2008,swz,11.0
2009,swz,6.5
2010,swz,5.5
2011,swz,5.5
2012,swz,5.0
2013,swz,5.0
2014,swz,5.25
2015,swz,5.75
2016,swz,7.0
2017,swz,7.25
2018,swz,6.75
2019,swz,6.5
2020,swz,3.75
2021,swz,3.75
2022,swz,6.5
2023,swz,7.5
2024,swz,7.0
1989,syc,13.53
1990,syc,13.53
1991,syc,13.53
1992,syc,13.53
1993,syc,13.08
1994,syc,12.5
1995,syc,12.83
1996,syc,11.0
1997,syc,11.0
1998,syc,5.5
1999,syc,5.5
2000,syc,5.5
2001,syc,5.5
2002,syc,5.5
2003,syc,4.67
2004,syc,3.51
2005,syc,3.87
2006,syc,4.44
2007,syc,5.13
1964,syr,5.0
1965,syr,5.0
1966,syr,5.0
1967,syr,5.0
1968,syr,5.0
1969,syr,5.0
1970,syr,5.0
1971,syr,5.0
1972,syr,5.0
1973,syr,5.0
1974,syr,5.0
1975,syr,5.0
1976,syr,5.0
1977,syr,5.0
1978,syr,5.0
1979,syr,5.0
1980,syr,5.0
1981,syr,5.0
1982,syr,5.0
1983,syr,5.0
1984,syr,5.0
1985,syr,5.0
1986,syr,5.0
1987,syr,5.0
1988,syr,5.0
1989,syr,5.0
1990,syr,5.0
1991,syr,5.0
1992,syr,5.0
1993,syr,5.0
1994,syr,5.0
1995,syr,5.0
1996,syr,5.0
1997,syr,5.0
1998,syr,5.0
1999,syr,5.0
2000,syr,5.0
2001,syr,5.0
2002,syr,5.0
2003,syr,5.0
2004,syr,5.0
2005,syr,5.0
2006,syr,5.0
2007,syr,5.0
2008,syr,5.0
2009,syr,5.0
2010,syr,5.0
1969,tcd,4.5
1970,tcd,4.5
1971,tcd,4.5
1972,tcd,4.5
1973,tcd,4.5
1974,tcd,5.5
1975,tcd,5.5
1976,tcd,6.5
1977,tcd,6.5
1978,tcd,6.5
1979,tcd,8.5
1980,tcd,8.5
1981,tcd,8.5
1982,tcd,8.5
1983,tcd,9.0
1984,tcd,9.0
1985,tcd,9.0
1986,tcd,8.0
1987,tcd,8.0
1988,tcd,9.5
1989,tcd,10.0
1990,tcd,11.0
1991,tcd,10.75
1992,tcd,12.0
1993,tcd,11.5
1994,tcd,7.75
1995,tcd,8.6
1996,tcd,7.75
1997,tcd,7.5
1998,tcd,7.0
1999,tcd,7.6
2000,tcd,7.0
2001,tcd,6.5
2002,tcd,6.3
2003,tcd,6.0
2004,tcd,6.0
2005,tcd,5.5
2006,tcd,5.25
2007,tcd,5.25
2008,tcd,4.75
2009,tcd,4.25
2010,tcd,4.0
2011,tcd,4.0
2012,tcd,4.0
2013,tcd,3.25
2014,tcd,2.95
2015,tcd,2.45
2016,tcd,2.45
1977,tha,9.0
1978,tha,12.5
1979,tha,12.5
1980,tha,13.5
1981,tha,14.5
1982,tha,12.5
1983,tha,13.0
1984,tha,12.0
1985,tha,11.0
1986,tha,8.0
1987,tha,8.0
1988,tha,8.0
1989,tha,8.0
1990,tha,12.0
1991,tha,11.0
1992,tha,11.0
1993,tha,9.0
1994,tha,9.5
1995,tha,10.5
1996,tha,10.5
1997,tha,12.5
1998,tha,12.5
1999,tha,4.0
2000,tha,3.0
2001,tha,3.75
2002,tha,3.25
2003,tha,2.75
2004,tha,3.5
2005,tha,5.5
2006,tha,6.5
2007,tha,3.75
2008,tha,3.25
2009,tha,1.75
2010,tha,2.5
2011,tha,3.75
2012,tha,3.25
2013,tha,2.75
2014,tha,2.5
2015,tha,2.0
2016,tha,2.0
2017,tha,2.0
2018,tha,2.25
2019,tha,1.75
2020,tha,1.0
2021,tha,1.0
2022,tha,1.75
2023,tha,3.0
2024,tha,2.75
2025,tha,1.75
1967,tto,6.5
1968,tto,6.0
1969,tto,6.0
1970,tto,6.0
1971,tto,5.0
1972,tto,5.0
1973,tto,6.0
1974,tto,6.0
1975,tto,6.0
1976,tto,6.0
1977,tto,6.0
1978,tto,6.0
1979,tto,6.0
1980,tto,6.0
1981,tto,6.0
1982,tto,6.0
1983,tto,7.5
1984,tto,7.5
1985,tto,7.5
1986,tto,5.97
1987,tto,7.5
1988,tto,9.5
1989,tto,9.5
1990,tto,9.5
1991,tto,11.5
1992,tto,13.0
1993,tto,13.0
1994,tto,13.0
1995,tto,13.0
1996,tto,13.0
1997,tto,13.0
1998,tto,13.0
1999,tto,13.0
2000,tto,13.0
2001,tto,13.0
2002,tto,7.25
2003,tto,7.0
2004,tto,7.0
2005,tto,8.0
2006,tto,10.0
2007,tto,10.0
2008,tto,10.75
2009,tto,7.25
2010,tto,5.75
2011,tto,5.0
2012,tto,4.75
2013,tto,4.75
2014,tto,5.25
2015,tto,6.75
2016,tto,6.75
2017,tto,6.75
2018,tto,7.0
2019,tto,7.0
2020,tto,5.5
2021,tto,5.5
2022,tto,5.5
1964,tur,7.5
1965,tur,7.5
1966,tur,7.5
1967,tur,7.5
1968,tur,7.5
1969,tur,7.5
1970,tur,9.0
1971,tur,9.0
1972,tur,9.0
1973,tur,8.75
1974,tur,9.0
1975,tur,9.0
1976,tur,9.0
1977,tur,9.0
1978,tur,10.0
1979,tur,10.75
1980,tur,26.0
1981,tur,31.5
1982,tur,31.5
1983,tur,48.5
1984,tur,52.0
1985,tur,52.0
1986,tur,48.0
1987,tur,45.0
1988,tur,54.0
1989,tur,54.0
1990,tur,45.0
1991,tur,48.0
1992,tur,48.0
1993,tur,48.0
1994,tur,55.0
1995,tur,50.0
1996,tur,50.0
1997,tur,67.0
1998,tur,67.0
1999,tur,60.0
2000,tur,60.0
2001,tur,60.0
2002,tur,55.0
2003,tur,43.0
2004,tur,38.0
2005,tur,23.0
2006,tur,27.0
2007,tur,25.0
2008,tur,25.0
2009,tur,15.0
2010,tur,14.0
2011,tur,17.0
2012,tur,13.5
2013,tur,10.25
2014,tur,9.0
2015,tur,9.0
2016,tur,8.75
2017,tur,8.75
2018,tur,18.5
2019,tur,12.75
2020,tur,15.75
2021,tur,15.75
2022,tur,9.75
2023,tur,43.25
2024,tur,48.25
2025,tur,38.75
2008,tza,15.99
2009,tza,3.7
2010,tza,7.58
2011,tza,12.0
2012,tza,12.0
2013,tza,16.0
2014,tza,16.0
2015,tza,16.0
2016,tza,16.0
2017,tza,9.0
2018,tza,7.0
2019,tza,7.0
2020,tza,5.0
1980,uga,8.0
1981,uga,10.0
1982,uga,11.0
1983,uga,15.5
1984,uga,24.0
1985,uga,24.0
1986,uga,36.0
1987,uga,31.0
1988,uga,45.0
1989,uga,55.0
1990,uga,50.0
1991,uga,46.0
1992,uga,41.0
1993,uga,24.0
1994,uga,15.0
1995,uga,13.3
1996,uga,15.85
1997,uga,14.08
1998,uga,9.1
1999,uga,15.75
2000,uga,18.86
2001,uga,8.88
2002,uga,13.08
2003,uga,25.622
2004,uga,16.1506666666667
2005,uga,14.3626666666667
2006,uga,16.302
2007,uga,14.681
2008,uga,19.42
2009,uga,9.65
2010,uga,11.967
2011,uga,29.0
2012,uga,17.0
2013,uga,15.5
2014,uga,15.0
2015,uga,22.0
1982,ury,83.7
1983,ury,112.7
1984,ury,133.2
1985,ury,145.1
1986,ury,138.4
1987,ury,143.4
1988,ury,154.5
1989,ury,219.6
1990,ury,251.6
1991,ury,219.0
1992,ury,162.4
1993,ury,164.3
1994,ury,182.3
1995,ury,178.7
1996,ury,160.3
1997,ury,95.5
1998,ury,73.7
1999,ury,66.39
2000,ury,57.26
2001,ury,71.66
2002,ury,316.01
2003,ury,46.2669584788031
2004,ury,10.0
2005,ury,10.0
2006,ury,10.0
2007,ury,10.0
2008,ury,20.0
2009,ury,20.0
2010,ury,20.0
2011,ury,20.0
2012,ury,20.0
2013,ury,30.0
2014,ury,30.0
2015,ury,30.0
2016,ury,30.0
2017,ury,30.0
2018,ury,30.0
2019,ury,30.0
2020,ury,15.0
2021,ury,15.0
2022,ury,15.0
2023,ury,15.0
2024,ury,15.0
2025,ury,15.0
1950,usa,1.75
1951,usa,1.75
1952,usa,1.75
1953,usa,2.0
1954,usa,1.5
1955,usa,2.5
1956,usa,3.0
1957,usa,3.0
1958,usa,2.5
1959,usa,4.0
1960,usa,3.0
1961,usa,3.0
1962,usa,3.0
1963,usa,3.5
1964,usa,4.0
1965,usa,4.42
1966,usa,4.5
1967,usa,4.5
1968,usa,5.36
1969,usa,6.0
1970,usa,5.52
1971,usa,4.63
1972,usa,4.5
1973,usa,7.5
1974,usa,7.81
1975,usa,6.0
1976,usa,5.25
1977,usa,6.0
1978,usa,9.5
1979,usa,12.0
1980,usa,12.87
1981,usa,12.1
1982,usa,8.73
1983,usa,8.5
1984,usa,8.37
1985,usa,7.5
1986,usa,5.5
1987,usa,6.0
1988,usa,6.5
1989,usa,7.0
1990,usa,6.79
1991,usa,4.11
1992,usa,3.0
1993,usa,3.0
1994,usa,4.75
1995,usa,5.25
1996,usa,5.0
1997,usa,5.0
1998,usa,4.5
1999,usa,5.0
2000,usa,6.0
2001,usa,1.33
2002,usa,0.75
2003,usa,2.0
2004,usa,3.25
2005,usa,5.25
2006,usa,6.25
2007,usa,4.75
2008,usa,0.5
2009,usa,0.5
2010,usa,0.75
2011,usa,0.75
2012,usa,0.75
2013,usa,0.75
2014,usa,0.75
2015,usa,1.0
2016,usa,1.25
2017,usa,2.0
2018,usa,3.0
2019,usa,2.25
2020,usa,0.25
1994,vct,9.0
1995,vct,9.0
1996,vct,9.0
1997,vct,8.0
1998,vct,8.0
1999,vct,8.0
2000,vct,8.0
2001,vct,7.0
2002,vct,7.0
2003,vct,6.5
2004,vct,6.5
2005,vct,6.5
2006,vct,6.5
2007,vct,6.5
2008,vct,6.5
2009,vct,6.5
2010,vct,6.5
2011,vct,6.5
2012,vct,6.5
2013,vct,6.5
2014,vct,6.5
2015,vct,6.5
2016,vct,6.5
2017,vct,6.5
2018,vct,6.5
2019,vct,6.5
2020,vct,2.0
2021,vct,2.0
2022,vct,2.0
2023,vct,2.0
2024,vct,3.0
2025,vct,3.0
1964,ven,4.5
1965,ven,4.5
1966,ven,4.5
1967,ven,4.5
1968,ven,4.5
1969,ven,5.5
1970,ven,5.0
1971,ven,5.0
1972,ven,5.0
1973,ven,5.0
1974,ven,5.0
1975,ven,7.0
1976,ven,7.0
1977,ven,7.0
1978,ven,7.5
1979,ven,11.0
1980,ven,13.0
1981,ven,14.0
1982,ven,13.0
1983,ven,11.0
1984,ven,11.0
1985,ven,8.0
1986,ven,8.0
1987,ven,8.0
1988,ven,8.0
1989,ven,45.0
1990,ven,43.0
1991,ven,43.0
1992,ven,52.2
1993,ven,71.25
1994,ven,48.0
1995,ven,49.0
1996,ven,45.0
1997,ven,45.0
1998,ven,60.0
1999,ven,38.0
2000,ven,38.0
2001,ven,37.0
2002,ven,40.0
2003,ven,28.5
2004,ven,28.5
2005,ven,28.5
2006,ven,28.5
2007,ven,28.5
2008,ven,33.5
2009,ven,29.5
2010,ven,29.5
2011,ven,29.5
2012,ven,29.5
2013,ven,29.5
2014,ven,29.5
2015,ven,29.5
2016,ven,29.5
2017,ven,29.5
1999,vut,7.0
2000,vut,7.0
2001,vut,6.5
2002,vut,6.5
2003,vut,6.5
2004,vut,6.5
2005,vut,6.25
2006,vut,6.0
2007,vut,6.0
2008,vut,6.0
2009,vut,6.0
2010,vut,6.0
2011,vut,6.0
2012,vut,6.0
2013,vut,5.5
2014,vut,5.25
2015,vut,1.85
2016,vut,2.85
2017,vut,2.85
2018,vut,2.9
2019,vut,2.9
2020,vut,2.25
2021,vut,2.25
2022,vut,2.25
2023,vut,2.25
2024,vut,2.75
1965,zmb,4.5
1966,zmb,4.5
1967,zmb,5.0
1968,zmb,5.0
1969,zmb,5.0
1970,zmb,5.0
1971,zmb,5.0
1972,zmb,5.0
1973,zmb,5.0
1974,zmb,5.0
1975,zmb,5.0
1976,zmb,5.0
1977,zmb,6.0
1978,zmb,6.0
1979,zmb,6.5
1980,zmb,6.5
1981,zmb,7.5
1982,zmb,7.5
1983,zmb,10.0
1984,zmb,14.5
1985,zmb,25.0
1986,zmb,30.0
1987,zmb,15.0
1988,zmb,15.0
1992,zmb,47.0
1993,zmb,72.5
1994,zmb,20.5
1995,zmb,40.2
1996,zmb,47.0
1997,zmb,17.7
2000,zmb,25.6731
2001,zmb,40.0981
2002,zmb,27.8708
2003,zmb,14.3466666666667
2004,zmb,16.68
2005,zmb,14.81
2006,zmb,8.79
2007,zmb,11.73
2008,zmb,14.49
2009,zmb,8.39
2010,zmb,7.17
2011,zmb,9.71
2012,zmb,10.38
2013,zmb,12.13
2014,zmb,17.23
2015,zmb,16.87
2016,zmb,20.48
2017,zmb,11.46
2018,zmb,16.28
2019,zmb,19.36
2020,zmb,16.351325
